trace_idx,n,upper_sum,lower_sum,upper_share
0,3,77.2578125,0.0,1.0
1,6,149.298828125,0.0,1.0
2,6,115.97128295898438,0.0,1.0
3,3,82.33984375,0.0,1.0
4,3,74.21875,0.0,1.0
5,7,205.9775390625,0.0,1.0
6,5,141.4912109375,0.0,1.0
7,6,152.8662109375,0.0,1.0
8,11,318.1409912109375,0.0,1.0
9,7,108.9974365234375,0.0,1.0
